<?xml version="1.0" encoding="UTF-8"?>
<jcr:root xmlns:sling="http://sling.apache.org/jcr/sling/1.0" xmlns:jcr="http://www.jcp.org/jcr/1.0" xmlns:nt="http://www.jcp.org/jcr/nt/1.0"
    jcr:primaryType="sling:OrderedFolder">
    <jcr:content
        jcr:primaryType="nt:unstructured"
        jcr:title="529images"/>
    <ad.png/>
    <calculator.png/>
    <_x0031_.webp/>
    <_x0035_.webp/>
    <dropdown1.webp/>
    <_x0033_.webp/>
    <_x0034_.webp/>
    <dropdown2.webp/>
    <_x0032_.webp/>
    <dropdown3.webp/>
    <dropdown4.webp/>
    <dropdown5.webp/>
    <facebook.webp/>
    <FacebookLogo.png/>
    <father.png/>
    <Feedback.jpg/>
    <instagram.webp/>
    <linkedin.webp/>
    <LinkedinLogo.png/>
    <logo.webp/>
    <MailLogo.png/>
    <logo-virginia.webp/>
    <mother-holding.jpg/>
    <search.webp/>
    <mother-holding2.jpg/>
    <TwitterLogo.png/>
    <UpArrow.png/>
    <youtube.webp/>
    <mother-holding3.jpg/>
    <twitter.webp/>
    <kid.webp/>
</jcr:root>
